window,n,area_km2,r_m,L_obs,env_lo,env_hi,env_mean,env_p025,env_p975,env_p005,env_p995
CMR,1779,967.0259125051613,435.22240811839697,464.38175140962534,399.98266870931053,445.5591336435713,422.4008470895309,407.920583076161,436.7353067685071,403.6132349313447,440.50923905350743
CMR,1779,967.0259125051613,870.4448162367939,908.637375713052,806.1455750358919,853.6369098010028,829.4765903023344,815.5011478085221,843.5451999185012,810.8386551985103,846.8910538758053
CMR,1779,967.0259125051613,1305.667224355191,1324.9041437945243,1199.380175368206,1250.8530137732887,1225.1631671388518,1207.946144800355,1241.8033681251331,1204.7152932001836,1247.035814200969
CMR,1779,967.0259125051613,1740.8896324735879,1714.781356121536,1585.1427769274394,1638.5742185235997,1611.9364034498294,1594.0808173167025,1632.3889383756216,1591.0187684540456,1636.3776861938356
CMR,1779,967.0259125051613,2176.1120405919846,2090.742138804605,1959.5068885889962,2024.337348568113,1989.7069073462053,1969.0635940875925,2012.4864130518738,1965.4039493950036,2018.9691609652593
CMR,1779,967.0259125051613,2611.3344487103814,2460.1665642044477,2327.016367993919,2400.3420179893583,2360.7774488034556,2337.00447873806,2386.438342014202,2331.4442090113894,2395.9708284647922
CMR,1779,967.0259125051613,3046.556856828779,2812.0865040036597,2685.6304566755903,2774.740850424194,2725.8164019594524,2698.0594615324994,2754.691507557065,2689.501242112641,2765.228854215199
CMR,1779,967.0259125051613,3481.7792649471758,3149.188580188726,3036.5781309017834,3137.0827615245807,3084.742633714972,3051.6256719915505,3118.8593320066843,3042.176180011082,3130.531439040321
CMR,1779,967.0259125051613,3917.0016730655725,3482.8072528433145,3380.635038554275,3502.6729492238305,3438.135331564923,3400.4351192258805,3475.6006347745024,3388.2490128839017,3491.5857715262787
CMR,1779,967.0259125051613,4352.224081183969,3809.669811372193,3717.803449870272,3862.4112336579615,3786.619725603475,3746.1403171294473,3829.960495802604,3731.194509620164,3847.02825665629
CMR,1779,967.0259125051613,4787.446489302366,4128.505413149436,4053.6951714725824,4216.20291323091,4130.094896417159,4085.4050053550727,4177.022814168105,4069.8764056200525,4196.767336029035
CMR,1779,967.0259125051613,5222.668897420764,4439.837870486994,4385.497824771638,4561.741569207933,4468.66056447986,4418.543247837707,4520.511818560892,4400.758995850987,4541.890566833863
CMR,1779,967.0259125051613,5657.89130553916,4747.461154021216,4714.281353375715,4902.162999884546,4802.890341351219,4748.072958834467,4860.205016728402,4728.240080800196,4884.985790529029
CMR,1779,967.0259125051613,6093.113713657557,5051.494228926996,5039.420140775182,5237.275862860095,5132.5750909797225,5072.209384973715,5195.017901637886,5057.160620983321,5223.0127922054735
CMR,1779,967.0259125051613,6528.336121775955,5354.712030902084,5358.163929697738,5564.559629151177,5457.65000379761,5392.472959857675,5526.394130212042,5377.211455403968,5553.732873182653
CMR,1779,967.0259125051613,6963.5585298943515,5658.690424831912,5672.1743746963375,5895.381934991386,5778.2594535754315,5708.045180899598,5853.894958325141,5689.705988841498,5882.542322103596
CMR,1779,967.0259125051613,7398.780938012748,5956.683909652563,5983.530676870806,6220.236554286267,6094.29120835582,6019.957319568733,6177.480641253875,5997.768497502046,6203.714675430187
CMR,1779,967.0259125051613,7834.003346131145,6254.980779110938,6288.124914657927,6538.941380516957,6406.038174705283,6327.739463351491,6496.601523926845,6302.158080101818,6524.709471158726
CMR,1779,967.0259125051613,8269.225754249543,6546.705386119198,6587.3679912041525,6853.7035828017615,6713.341155387403,6629.504678426053,6809.375311704166,6600.6038562308895,6843.57567742559
CMR,1779,967.0259125051613,8704.44816236794,6841.481616793004,6884.969277344698,7163.630120662995,7016.403779974753,6927.148686835468,7118.927668818229,6897.994275623567,7151.305332410874
CMR,1779,967.0259125051613,9139.670570486336,7134.295209340092,7175.83229853676,7475.430898561964,7315.5380393618825,7223.5761315701275,7424.0696274130305,7190.758038835417,7456.568986226189
CMR,1779,967.0259125051613,9574.892978604734,7420.737465871251,7462.205929165725,7781.180653033364,7610.696916505404,7513.044860660831,7720.229231550988,7480.3076717645445,7756.566442980958
CMR,1779,967.0259125051613,10010.115386723131,7705.069178607907,7745.769274843971,8083.926011487436,7902.058790567082,7799.504206152247,8016.989068468205,7762.976060003608,8060.5034662472635
CMR,1779,967.0259125051613,10445.337794841527,7990.670617663485,8027.620305442177,8381.183018543521,8189.65988822852,8083.190448925279,8308.839277040292,8043.719989954279,8355.527447524788
CMR,1779,967.0259125051613,10880.560202959925,8274.22366963844,8305.60197820289,8673.717933765536,8473.385992910105,8362.326197580194,8597.278941276552,8320.573464551802,8646.300575366116
CRR,1431,925.9105137933359,404.738629303975,371.0655892748468,365.59119198589366,421.5793361871019,396.50190038599203,379.4897146774189,412.6011880009916,372.6071917792766,417.13508538521114
CRR,1431,925.9105137933359,809.47725860795,855.5375312336798,757.3076844731601,812.8931060897276,784.4327573027541,767.5088462647662,801.4734959648035,762.7954893940222,805.4190378244675
CRR,1431,925.9105137933359,1214.2158879119252,1291.1106836908941,1132.056066942067,1193.372332195166,1166.0466392408468,1148.470076697066,1184.2921503032385,1142.1837463933034,1188.5531331827026
CRR,1431,925.9105137933359,1618.9545172159,1700.5208484837324,1512.6171319997216,1579.13930171357,1541.5046621866297,1521.337673594385,1562.728166001369,1515.2761091198788,1566.876477982072
CRR,1431,925.9105137933359,2023.6931465198754,2100.2986587900573,1874.404186406562,1949.4339038173557,1911.5403241291122,1886.956028992426,1934.456021503336,1880.995349846402,1940.7838864093158
CRR,1431,925.9105137933359,2428.4317758238503,2486.752292412002,2232.4016597048076,2320.9679788560306,2277.462056781656,2250.496185611863,2304.4085743776577,2242.2329718849605,2311.839782599486
CRR,1431,925.9105137933359,2833.1704051278252,2861.1029729144248,2591.0746283043095,2684.819536377988,2638.771894355865,2607.8958616782534,2670.1100427226584,2600.15032926182,2678.537881193141
CRR,1431,925.9105137933359,3237.9090344318006,3231.1327001561303,2943.9211703438555,3045.3533659474674,2995.680289500642,2962.4999437042434,3030.578357460315,2952.117649249573,3039.3136054814095
CRR,1431,925.9105137933359,3642.6476637357755,3581.3638985910507,3289.0510690459623,3404.723967805194,3348.0740031535247,3310.2993033125745,3385.8536006432555,3297.751976705886,3395.83315583139
CRR,1431,925.9105137933359,4047.3862930397504,3938.2325605157366,3632.356254127069,3760.776113037749,3696.32224286357,3653.75634293962,3738.231968721137,3643.449533926327,3749.7318606716613
CRR,1431,925.9105137933359,4452.124922343726,4284.7187665379715,3969.9222190194687,4116.57619063708,4040.599495133626,3994.296160451527,4088.1384554992133,3980.6200489082953,4099.061146124519
CRR,1431,925.9105137933359,4856.863551647702,4624.77716108577,4303.769210055397,4464.190370111259,4380.479196456167,4330.101129209496,4431.553489461228,4316.858659221902,4444.7594752688
CRR,1431,925.9105137933359,5261.602180951676,4964.142071715526,4627.548008346178,4815.455471654438,4716.103841553149,4660.233939437797,4771.770710477806,4647.63435094144,4787.852930529276
CRR,1431,925.9105137933359,5666.340810255651,5299.2788012538,4953.628071075445,5158.080313028103,5046.818019564216,4987.688662514459,5106.424586475487,4970.229421560719,5121.4625186788535
CRR,1431,925.9105137933359,6071.079439559627,5623.494294203006,5275.1436217188675,5492.213397304721,5372.7208698342465,5307.9471123467465,5435.835200943428,5289.374641699811,5453.639567977418
CRR,1431,925.9105137933359,6475.818068863601,5945.776252891863,5592.032035574302,5824.908410845158,5694.028109419188,5626.518213739831,5761.754520904418,5602.468304014711,5781.90714321043
CRR,1431,925.9105137933359,6880.5566981675765,6262.997471559236,5904.9651207108955,6150.5236374642,6010.667752844083,5936.311908986831,6084.489130530674,5914.887496888707,6103.707683432037
CRR,1431,925.9105137933359,7285.295327471552,6573.327318126409,6199.22552852091,6461.663613498207,6322.552015613549,6242.4716760743,6401.357857984696,6222.605221885915,6423.616532213276
CRR,1431,925.9105137933359,7690.033956775526,6882.366986243531,6490.686153292569,6776.201958068519,6629.791742345837,6545.191698034921,6716.205031268978,6526.047091292052,6739.422726891714
CRR,1431,925.9105137933359,8094.772586079502,7183.970372825957,6777.009592539003,7090.721693980203,6932.578047359041,6841.720902553861,7023.185566459239,6827.42837653643,7048.165638084452
CRR,1431,925.9105137933359,8499.511215383476,7481.174436245247,7059.861522929809,7396.935126796275,7230.869078217875,7133.586574831112,7326.183223973489,7118.372760331843,7352.883067337419
CRR,1431,925.9105137933359,8904.24984468745,7781.483246652122,7336.974073365919,7697.592832214753,7524.677011058727,7421.539811454855,7623.534442783789,7405.894407982572,7649.390565241599
CRR,1431,925.9105137933359,9308.988473991427,8066.591098644707,7612.059068502175,7990.618530949382,7813.933636108061,7707.624551199901,7914.557253667173,7689.162629493887,7942.882809692467
CRR,1431,925.9105137933359,9713.727103295401,8351.58885216322,7882.058565940114,8282.145917205296,8098.623890551789,7990.384199436975,8204.672647112993,7964.688057093644,8231.028913474634
CRR,1431,925.9105137933359,10118.465732599376,8628.762707393513,8148.7508456031655,8571.638972145145,8379.07116801744,8265.624550775608,8489.509515644544,8238.013096630837,8518.207134687455
